"","major_category","major","unwgt_num","num","num_in_grad","num_went_grad","num_no_grad","pct","pct_in_grad","pct_went_grad","pct_no_grad","num_lab_force","num_nilf","num_unemployed","num_employed","num_ftyr","num_ft","num_pt","num_lowend","num_noncollege","epop","lfpr","pct_nilf","urate","pct_employed","pct_ftyr","pct_ft","pct_pt","pct_lowend","pct_noncollege","per25_ftyr_earn","med_ftyr_earn","per75_ftyr_earn","ever_marr","men","women","white","black","natam","asian","hispan","pct_ever_marr","pct_men","pct_women","pct_white","pct_black","pct_natam","pct_asian","pct_hispan"
"1","Agriculture & Natural Resources","Agricultural Economics",104,10094,1500,1540,6534,0.000433456168816878,0.148603130572617,0.152565880721221,0.647315236774321,9601,493,154,9447,5689,8443,1004,1140,4996,0.935902516346344,0.951159104418466,0.0488408955815336,0.0160399958337673,0.983960004166233,0.602201757171589,0.893722874986768,0.106277125013232,0.120673229596697,0.528845136022018,36402.804,51000,63704.907,3625,5475,4619,8638,467,337,171,363,0.359124232217159,0.542401426590054,0.457598573409947,0.855755894590846,0.0462651079849416,0.0333861700019814,0.0169407568852784,0.0359619575985734
"2","Agriculture & Natural Resources","Agriculture Production And Management",558,49235,5806,2065,38331,0.00211424752047741,0.117924240885549,0.0419417081344572,0.77853153244643,46178,3057,2241,43937,32772,37707,6230,3758,25224,0.892393622423073,0.937910023357368,0.0620899766426323,0.0485296028411798,0.95147039715882,0.74588615517673,0.858206067778865,0.141793932221135,0.0855315565468739,0.574094726540274,30335.67,40447.56,55000,12949,33994,15241,45360,1983,152,897,1953,0.263003960597136,0.690443789986798,0.309556210013202,0.921295826139941,0.0402762262618056,0.00308723469076876,0.0182187468264446,0.0396669036254697
"3","Agriculture & Natural Resources","Animal Sciences",839,87356,22732,8793,49211,0.00375123807045445,0.260222537661981,0.100657081368195,0.563338522826137,73693,13663,3433,70260,45745,54577,15683,4189,40396,0.804295068455515,0.843594029030633,0.156405970969367,0.0465851573419456,0.953414842658054,0.65108169655565,0.776786222601765,0.223213777398235,0.0596214062055223,0.574950185027042,25279.725,34380.426,47700,19010,19398,67958,76707,3001,142,4080,4609,0.217615275424699,0.22205687073584,0.77794312926416,0.878096524566143,0.0343536791977655,0.0016255323045927,0.0467054352305509,0.0527611154356884
"4","Agriculture & Natural Resources","Food Science",180,20103,5377,2141,11107,0.000863262270826798,0.26747251653982,0.10650151718649,0.552504601303288,16661,3442,1435,15226,10212,12716,2510,518,6220,0.757399393125404,0.828781773864597,0.171218226135403,0.0861292839565452,0.913870716043455,0.670694864048338,0.835150400630501,0.1648495993695,0.0340207539734664,0.408511756206489,40000,48000,58648.962,5530,5461,14642,13810,458,0,4866,1607,0.275083320897379,0.271650997363578,0.728349002636422,0.68696214495349,0.0227826692533453,0,0.242053424861961,0.0799383176640302
"5","Agriculture & Natural Resources","Forestry",129,13299,1303,360,9700,0.000571085158420414,0.0979772915256786,0.0270697044890593,0.729378148732987,12312,987,561,11751,7586,10681,1070,1049,6251,0.883600270697045,0.925783893525829,0.074216106474171,0.0455653021442495,0.954434697855751,0.645562079822994,0.908943919666411,0.0910560803335886,0.0892689983831163,0.531954727257255,30335.67,40447.56,45000,2030,11523,1776,12137,656,11,93,787,0.152643055868862,0.866456124520641,0.133543875479359,0.912625009399203,0.0493270170689526,0.000827129859387924,0.00699300699300699,0.0591773817580269
"6","Agriculture & Natural Resources","General Agriculture",388,41035,5971,3733,27153,0.00176212342851205,0.145509930547094,0.0909711222127452,0.661703423906421,35127,5908,1448,33679,22977,26255,7424,2761,17945,0.820738394053857,0.85602534421835,0.14397465578165,0.0412218521365331,0.958778147863467,0.682235220760711,0.779565901600404,0.220434098399596,0.081979868760949,0.532824608806675,30335.67,40447.56,55615.395,8426,21768,19267,35382,1726,111,2885,3256,0.205336907517972,0.53047398562203,0.46952601437797,0.862239551602291,0.042061654685025,0.00270500792006823,0.0703058364810528,0.0793468989886682
"7","Agriculture & Natural Resources","Natural Resources Management",524,51981,7255,2709,36379,0.00223216614932337,0.139570227583155,0.052115195936977,0.699851868952117,47326,4655,2600,44726,26969,34888,9838,4025,21204,0.860429772416845,0.91044804832535,0.0895519516746504,0.0549380889997042,0.945061911000296,0.602982605196083,0.78003845637884,0.21996154362116,0.0899923981576712,0.474086661002549,26796.5085,36000,48200,8736,27056,24925,46274,716,0,2653,2650,0.168061407052577,0.520497874223274,0.479502125776726,0.890209884380831,0.0137742636732652,0,0.0510378792251015,0.0509801658298224
"8","Agriculture & Natural Resources","Plant Science And Agronomy",321,30705,5246,1888,20850,0.00131853295656056,0.170851652825273,0.0614883569451229,0.679042501221299,27502,3203,1592,25910,18824,22013,3897,5202,13506,0.843836508711936,0.895684741898714,0.104315258101286,0.0578866991491528,0.942113300850847,0.72651485912775,0.849594751061366,0.150405248938634,0.200771902740255,0.521265920494018,26290.914,39000,52000,7946,18267,12438,26148,1192,18,2062,2461,0.258785214134506,0.594919394235467,0.405080605764533,0.851587689301417,0.0388210389187429,0.000586223742061553,0.067155186451718,0.0801498127340824
"9","Arts","Commercial Art And Graphic Design",2829,325779,26784,9656,259278,0.0139895895800469,0.0822152440765059,0.0296397250897081,0.795870820402788,291576,34203,17946,273630,182254,219610,54020,24942,104773,0.839925225382852,0.895011649001317,0.104988350998683,0.0615482755782369,0.938451724421763,0.666060008040054,0.802580126448123,0.197419873551877,0.0911522859335599,0.382900266783613,30335.67,40000,50559.45,54446,92455,233324,232686,24497,1249,40272,38947,0.167125566718542,0.283796684255277,0.716203315744723,0.714244932914645,0.0751951476307558,0.00383388738991771,0.12361754440894,0.119550370036129
"10","Arts","Drama And Theater Arts",1278,145323,16151,5286,112379,0.00624045480691254,0.111138636003936,0.0363741458681695,0.773304982693724,131724,13599,6358,125366,62654,80933,44433,26578,88463,0.862671428473125,0.906422245618381,0.0935777543816189,0.0482675898089946,0.951732410191005,0.499768677312828,0.64557376003063,0.35442623996937,0.212003254470909,0.705637892251488,24000,32863.6425,44000,14705,50064,95259,120065,9772,715,5204,12291,0.101188387247717,0.344501558597056,0.655498441402944,0.826194064256862,0.0672433131713493,0.00492007459245956,0.0358098855652581,0.0845771144278607
"11","Arts","Film Video And Photographic Arts",1235,138789,12545,6347,107337,0.00595987202436355,0.0903890077743913,0.0457312899437275,0.773382616777987,126925,11864,10827,116098,64713,84601,31497,12736,72489,0.83650721598974,0.914517721145047,0.0854822788549525,0.0853023439038803,0.91469765609612,0.557399782941997,0.728703336836121,0.271296663163879,0.109700425502593,0.624377680924736,28000,36100,50559.45,14312,75222,63567,106140,9239,874,12296,16003,0.103120564309852,0.541988197911938,0.458011802088062,0.764758013963643,0.0665686761919172,0.00629732903904488,0.0885949174646406,0.11530452701583
"12","Arts","Fine Arts",1941,235502,24944,8405,180755,0.0101129180373204,0.10591842107498,0.0356897181340286,0.767530636682491,205677,29825,14443,191234,110533,133814,57420,27806,107205,0.81202707408005,0.873355640291802,0.126644359708198,0.0702217554709569,0.929778244529043,0.577998682242697,0.699739586056873,0.300260413943127,0.14540301410837,0.560595919135718,25000,35000,45503.505,35745,76582,158920,175999,17690,529,23779,27724,0.15178215047006,0.325186197994072,0.674813802005928,0.747335479104211,0.0751161348948204,0.00224626542449746,0.100971541642958,0.117722991736801
"13","Arts","Miscellaneous Fine Arts",161,15787,1581,1509,10257,0.000677924760958198,0.100145689491354,0.0955849749794134,0.649711788180148,13215,2572,2201,11014,6144,7740,3274,2536,6043,0.697662633812631,0.837081142712358,0.162918857287642,0.166553159288687,0.833446840711313,0.557835482113674,0.702741964772108,0.297258035227892,0.230252406028691,0.548665335028146,28000,40000,53593.017,2760,9346,6441,13278,420,0,1022,1233,0.174827389624374,0.592006080952683,0.407993919047317,0.841071767910306,0.0266041679863179,0,0.0647368087667068,0.078102236016976
"14","Arts","Music",2002,229129,52559,27424,125529,0.00983924891072344,0.229386066364362,0.119688035997189,0.547852956194982,197343,31786,9815,187528,86743,111874,75654,27276,110201,0.818438521531539,0.861274653142989,0.138725346857011,0.0497357392965547,0.950264260703445,0.462560257668188,0.596572245211382,0.403427754788618,0.145450279424939,0.587650910797321,25279.725,35391.615,50000,35748,127936,101193,171110,19870,537,23205,23669,0.156016916234959,0.558357955562151,0.441642044437849,0.746784562408076,0.0867197081120242,0.00234365793941404,0.101274827717138,0.10329988783611
"15","Arts","Studio Arts",559,56565,7245,3184,40568,0.0024290121051245,0.128082736674622,0.0562892247856448,0.717192610271369,50896,5669,2490,48406,24719,30531,17875,5537,27044,0.855758861486785,0.899779015292142,0.100220984707858,0.0489232945614587,0.951076705438541,0.510659835557576,0.630727595752593,0.369272404247407,0.114386646283519,0.558691071354791,23100,30537.9078,40447.56,9597,14852,41713,46210,2352,185,3185,6172,0.169663219305224,0.262565190488818,0.737434809511182,0.816936268010254,0.041580482630602,0.0032705736763016,0.0563069035622735,0.109113409352073
"16","Arts","Visual And Performing Arts",461,56109,8419,1798,40129,0.00240943057025423,0.150047229499724,0.0320447700012476,0.715197205439413,50474,5635,1850,48624,20623,29143,19481,8357,30194,0.866598941346308,0.899570478889305,0.100429521110695,0.0366525339778896,0.96334746602211,0.424132115827575,0.599354228364594,0.400645771635406,0.171869858506088,0.620969068772623,26290.914,35391.615,49042.6665,7054,12040,44069,39253,6581,0,4783,5960,0.12571958152881,0.214582330820368,0.785417669179633,0.699584736851485,0.117289561389438,0,0.0852447913881908,0.106221818246627
"17","Biology & Life Science","Biochemical Sciences",1416,153354,59833,19954,56607,0.00658532170722642,0.390162630254183,0.130117245066969,0.369126335146132,108537,44817,4237,104300,61317,80994,23306,4857,34985,0.680125722185271,0.707754606987754,0.292245393012246,0.0390373789583276,0.960962621041672,0.587890699904123,0.776548418024928,0.223451581975072,0.0465675934803452,0.33542665388303,29324.481,41458.749,55000,21707,78947,74407,97586,7751,1080,36828,14228,0.141548313053458,0.514802352726372,0.485197647273628,0.636344666588416,0.0505431876573158,0.00704252905043233,0.240150240619743,0.0927787993792141
"18","Biology & Life Science","Biology",9630,1091013,370323,140976,437103,0.0468502392618792,0.339430419252566,0.129215692205317,0.40063958907914,801012,290001,46372,754640,410036,539601,215039,56144,355530,0.691687450103711,0.734191068300744,0.265808931699256,0.0578917669148527,0.942108233085147,0.543353122018446,0.71504425951447,0.28495574048553,0.0743983886356408,0.471125304781088,27000,38000,52581.828,173087,431829,659184,753103,96547,3978,177659,107998,0.158647972113989,0.395805549521408,0.604194450478592,0.690278667623575,0.0884929877095873,0.00364615270395495,0.162838572959259,0.0989887379893732
"19","Biology & Life Science","Cognitive Science And Biopsychology",154,16643,4619,1713,8382,0.000714683080802388,0.277534098419756,0.102926155140299,0.503635161929941,13895,2748,1355,12540,7407,9626,2914,702,5311,0.753469927296761,0.834885537463198,0.165114462536802,0.0975170924793091,0.902482907520691,0.59066985645933,0.76762360446571,0.23237639553429,0.0559808612440191,0.423524720893142,28313.292,34000,50559.45,1561,4420,12223,10500,1287,184,4065,795,0.0937931863245809,0.265577119509704,0.734422880490296,0.630895872138437,0.0773298083278255,0.0110556990927117,0.244246830499309,0.0477678303190531
"20","Biology & Life Science","Ecology",421,42323,7903,3154,27201,0.00181743267612807,0.186730619285022,0.0745221274484323,0.642700186659736,38273,4050,2310,35963,20416,26753,9210,2961,18139,0.849727098740637,0.904307350613142,0.0956926493868582,0.0603558644475218,0.939644135552478,0.56769457497984,0.743903456330117,0.256096543669883,0.0823346216945194,0.504379501153964,25000,32358.048,42000,6234,16718,25605,36174,1971,106,2051,4170,0.147295796611771,0.395009805543085,0.604990194456915,0.854712567634619,0.0465704227016043,0.00250454835432271,0.0484606478746781,0.0985279871464688
"21","Biology & Life Science","Environmental Science",1311,141857,22203,9997,96105,0.00609161796511352,0.156516773934314,0.0704723771121623,0.677478023643528,127592,14265,7914,119678,72518,92929,26749,12036,56904,0.843652410526093,0.899440986345404,0.100559013654596,0.0620258323405856,0.937974167659414,0.605942612677351,0.776491919985294,0.223508080014706,0.100569862464279,0.475475860224937,30000,38526.3009,50559.45,18387,67426,74431,118597,5996,841,10590,10329,0.129616444729552,0.475309642809308,0.524690357190692,0.836032060455247,0.04226791769176,0.00592850546677288,0.0746526431547262,0.0728127621477967
"22","Biology & Life Science","Microbiology",424,47717,14729,6663,21258,0.00204906162150138,0.308674057463797,0.139635769222709,0.445501603202213,34941,12776,1825,33116,19705,25093,8023,2346,14245,0.694008424670453,0.732254751975187,0.267745248024813,0.0522309035230818,0.947769096476918,0.595029592946008,0.757730402222491,0.242269597777509,0.0708418891170431,0.43015460804445,28000,38425.182,53593.017,9156,22879,24838,32417,3439,110,10378,4569,0.191881300165559,0.479472724605487,0.520527275394513,0.679359557390448,0.0720707504662908,0.00230525808412096,0.217490621790976,0.0957520380577153
"23","Biology & Life Science","Miscellaneous Biology",434,47509,15009,8317,19662,0.00204012969331495,0.315919089014713,0.175061567281989,0.413858426824391,37306,10203,1861,35445,21549,27604,7841,2004,13463,0.746069165842261,0.78524069123745,0.21475930876255,0.0498847370396183,0.950115262960382,0.607955988150656,0.778784031598251,0.221215968401749,0.0565382987727465,0.379827902383975,25279.725,39133.0143,54000,9724,20651,26858,26638,1804,83,16433,3479,0.204677008566798,0.434675535161759,0.565324464838241,0.560693763286956,0.0379717527205372,0.00174703740343935,0.345892357237576,0.0732282304405481
"24","Biology & Life Science","Molecular Biology",580,60116,23186,9528,19417,0.00258149901373048,0.385687670503693,0.158493579080444,0.322992215050902,42121,17995,2571,39550,22750,28915,10635,1643,13732,0.657894736842105,0.700662053363497,0.299337946636503,0.0610384368842145,0.938961563115785,0.575221238938053,0.73109987357775,0.26890012642225,0.0415423514538559,0.347206068268015,30335.67,42469.938,58000,8578,25015,35101,39342,2024,234,14606,6041,0.142690797790938,0.416112183112649,0.583887816887351,0.654434759465034,0.0336682413999601,0.00389247454920487,0.242963603699514,0.100489054494644
"25","Biology & Life Science","Neuroscience",675,72983,30802,5336,26669,0.00313403324437906,0.422043489579765,0.0731129167066303,0.365413863502459,50343,22640,1822,48521,25712,35332,13189,3921,19694,0.66482605538276,0.689790773193757,0.310209226806243,0.0361917247680909,0.963808275231909,0.529914882215948,0.728179551122195,0.271820448877805,0.0808103707672966,0.40588611116836,28313.292,38000,55615.395,7067,29907,43076,50298,4570,51,14096,5801,0.0968307688091747,0.409780359809819,0.590219640190181,0.689174191250017,0.0626173218420728,0.000698792869572366,0.193140868421413,0.0794842634586136
"26","Biology & Life Science","Physiology",845,93791,31137,13044,39080,0.00402756959872239,0.331982812849847,0.139075177788914,0.416671109168257,70412,23379,3497,66915,36166,45943,20972,4910,32846,0.713447985414379,0.750733012762419,0.249266987237581,0.0496648298585468,0.950335170141453,0.540476724202346,0.686587461705148,0.313412538294852,0.073376671897183,0.490861540760667,30000,42000,60671.34,15045,38869,54922,64980,4492,395,19014,8693,0.160409847426725,0.414421426362871,0.585578573637129,0.692817008028489,0.0478937211459522,0.00421149150771396,0.202727340576388,0.0926847991811581
"27","Biology & Life Science","Zoology",236,26139,6581,2147,15347,0.00112245995608326,0.25176938674012,0.0821378017521711,0.587130341635105,22574,3565,673,21901,13372,17382,4519,788,13124,0.837866789089101,0.863613757221011,0.136386242778989,0.0298130592717285,0.970186940728271,0.610565727592347,0.793662389845213,0.206337610154787,0.0359800922332314,0.599242043742295,22246.158,30000,45700,6085,8973,17166,21877,384,264,1826,1930,0.232793909483913,0.343280156088603,0.656719843911397,0.836948620834768,0.0146906920693217,0.0100998507976587,0.0698573013504725,0.0738360304525804
"28","Business","Accounting",5861,675122,109159,136433,367031,0.0289910635629075,0.161687813461863,0.202086437710518,0.543651369678369,596758,78364,20910,575848,426782,500654,75194,24354,159126,0.852953984613151,0.883926164456202,0.116073835543798,0.0350393291753106,0.964960670824689,0.741136549922896,0.869420402606243,0.130579597393757,0.0422924104972145,0.276333337964185,38425.182,50559.45,63704.907,141439,342888,332234,478435,59747,956,95529,71498,0.209501393822154,0.507890425730461,0.492109574269539,0.708664508044472,0.0884980788657457,0.00141604036011269,0.141498869833897,0.105903821827759
"29","Business","Actuarial Science",140,15141,2183,558,11228,0.000650184253225317,0.144178059573344,0.0368535763820091,0.741562644475266,13422,1719,603,12819,9586,11430,1389,636,3767,0.846641569249059,0.88646720824252,0.11353279175748,0.0449262405006705,0.955073759499329,0.747796239956315,0.891645214135268,0.108354785864732,0.0496138544348233,0.293860675559716,48537.072,60671.34,80000,2242,9522,5619,10909,404,0,2733,1397,0.148074763886137,0.628888448583317,0.371111551416683,0.720494022851859,0.0266825176672611,0,0.180503269268873,0.0922660326266429
"30","Business","Business Economics",394,40232,4843,3245,26687,0.0017276410326769,0.120376814476039,0.0806571883078147,0.663327699343806,37059,3173,1495,35564,23092,30672,4892,1968,13647,0.883972956850268,0.921132431895009,0.0788675681049911,0.0403410777408996,0.9596589222591,0.649308289281296,0.862445169272298,0.137554830727702,0.0553368574963446,0.383730738949499,40000,55615.395,70783.23,6575,25503,14729,28490,1229,61,8293,3519,0.163427122688407,0.633898389341817,0.366101610658183,0.708142771922847,0.0305478226287532,0.00151620600517001,0.206129449194671,0.0874676874130046
"31","Business","Business Management And Administration",8237,939310,113355,73138,664630,0.0403358147346326,0.120679009059842,0.0778635381290522,0.70757257987246,837315,101995,43101,794214,575487,678106,116108,68562,459804,0.845529165025391,0.891414974821944,0.108585025178056,0.0514752512495297,0.94852474875047,0.724599415270947,0.853807663929369,0.146192336070631,0.0863268590077737,0.578942199457577,32000,44000,59660.151,211170,498514,440796,678751,106893,3122,95508,110940,0.224813959182804,0.530723616271518,0.469276383728482,0.722605955435373,0.113799491115819,0.00332371634497663,0.101678891952604,0.118107972873705
"32","Business","Finance",4521,517682,65770,42156,357146,0.0222302809971725,0.127047106138517,0.081432230597162,0.689894568480264,452682,65000,22909,429773,319079,380518,49255,20317,170143,0.830187257814643,0.874440293462009,0.125559706537991,0.0506072695622976,0.949392730437702,0.742436123255765,0.885392986530098,0.114607013469902,0.047273793374642,0.39589038864703,40000,54604.206,70783.23,77266,362894,154788,380130,28409,806,85082,43202,0.149253789005606,0.700997909913808,0.299002090086192,0.734292480712097,0.0548773185082734,0.00155694036107108,0.164351860794851,0.0834527760285272
"33","Business","General Business",6046,795991,104908,47413,558748,0.0341814156204394,0.13179545999892,0.0595647438224804,0.701952660268772,692501,103490,34977,657524,485584,563599,93925,60055,374397,0.826044515578694,0.869985967178021,0.130014032821979,0.0505082303130248,0.949491769686975,0.738503841684866,0.857153503142091,0.142846496857909,0.0913350691381607,0.569404310717175,30600,45503.505,60671.34,127317,462075,333916,564424,82025,2704,102717,83733,0.159947788354391,0.580502794629588,0.419497205370412,0.709083394158979,0.103047647523653,0.00339702333317839,0.12904291631438,0.105193400427894
"34","Business","Hospitality Management",1420,165897,14897,6214,127446,0.00712394274204613,0.089796681073196,0.0374569763166302,0.768223656847321,149532,16365,5119,144413,99761,121420,22993,23203,103045,0.870497959577328,0.901354454872602,0.0986455451273983,0.0342334751090068,0.965766524890993,0.690803459522342,0.840783031998504,0.159216968001496,0.160671130715379,0.713543794533733,30000,39000,50000,28371,44236,121661,118808,12292,566,22646,19606,0.171015750736903,0.266647377589709,0.733352622410291,0.716155204735468,0.0740941668625714,0.00341175548683822,0.136506386492824,0.118181763383304
"35","Business","Human Resources And Personnel Management",680,80250,10898,6911,53803,0.00344609248539275,0.13580062305296,0.0861183800623053,0.670442367601246,71594,8656,3508,68086,52615,58218,9868,2778,47063,0.848423676012461,0.89213707165109,0.10786292834891,0.0489985194290024,0.951001480570998,0.772772669858708,0.855065652263314,0.144934347736686,0.0408013394824193,0.691228740122786,30740.1456,40447.56,50559.45,18782,21354,58896,54371,10086,46,10573,8766,0.234043613707165,0.266093457943925,0.733906542056075,0.677520249221184,0.125682242990654,0.000573208722741433,0.131750778816199,0.109233644859813
"36","Business","International Business",624,69927,9948,4626,45161,0.00300280260717831,0.14226264533013,0.066154704191514,0.645830651965621,61258,8669,3607,57651,40805,48884,8767,5285,28933,0.82444549315715,0.87602785762295,0.12397214237705,0.0588821051944236,0.941117894805576,0.707793446774557,0.847929784392291,0.152070215607708,0.0916723040363567,0.501864668435933,36000,47525.883,62693.718,11823,30014,39913,52997,3297,0,8874,15291,0.169076322450556,0.429219042715975,0.570780957284025,0.757890371387304,0.0471491698485564,0,0.12690377107555,0.218670899652495
"37","Business","Management Information Systems And Statistics",583,64572,9836,3462,44007,0.00277284839833995,0.152326085609862,0.0536145697825683,0.681518305147742,57428,7144,2849,54579,38279,47268,7311,2620,18540,0.845242519977699,0.889363810939726,0.110636189060274,0.0496099463676256,0.950390053632374,0.701350336209898,0.866047380860771,0.133952619139229,0.0480038109895747,0.339691089979663,45503.505,58648.962,72000,13563,44446,20126,40214,6217,394,14429,6551,0.210044601375209,0.688316917549402,0.311683082450598,0.622777674533854,0.0962801214148547,0.00610171591401846,0.223455987115158,0.101452642012018
"38","Business","Marketing And Marketing Research",5200,610085,44907,29751,474426,0.0261982471520354,0.0736077759656441,0.0487653359777736,0.777639181425539,568767,41318,21958,546809,395460,470840,75969,52567,292155,0.896283304785399,0.932275010859143,0.0677249891408574,0.0386063185803677,0.961393681419632,0.723214138757775,0.861068490094347,0.138931509905653,0.0961341163002072,0.534290766977135,35000,44492.316,57000,100789,233582,376503,493740,43705,1590,41355,51814,0.165204848504717,0.382867961021825,0.617132038978175,0.809297065163051,0.0716375587008368,0.00260619421883836,0.0677856364277109,0.0849291492169124
"39","Business","Miscellaneous Business & Medical Administration",525,58594,8243,4652,38995,0.00251614134690471,0.140679933098952,0.0793937945864764,0.665511827149537,52333,6261,4398,47935,33475,41150,6785,4681,24915,0.818087176161382,0.893146055910161,0.106853944089839,0.0840387518391837,0.915961248160816,0.698341504120163,0.858454156670491,0.141545843329509,0.0976530718681548,0.519766350265985,32358.048,45503.505,60671.34,8315,32520,26074,43446,6489,393,3865,6479,0.141908727856094,0.55500563197597,0.44499436802403,0.741475236372325,0.110745127487456,0.00670717138273543,0.0659623852271564,0.110574461548964
"40","Business","Operations Logistics And E-Commerce",563,67275,7350,2847,50666,0.00288892052280122,0.109253065774805,0.0423188405797101,0.753117800074322,61353,5922,2514,58839,44033,54093,4746,1589,28087,0.874604236343367,0.911973244147157,0.0880267558528428,0.0409759913940639,0.959024008605936,0.748364180220602,0.919339213786774,0.0806607862132259,0.0270058974489709,0.477353456041061,42469.938,55000,65727.285,10736,45016,22259,52546,5433,28,7101,3655,0.159583797844667,0.669134150873281,0.330865849126719,0.781062801932367,0.0807580824972129,0.00041620215533259,0.105551839464883,0.0543292456335935
"41","Communications & Journalism","Advertising And Public Relations",1434,165056,17306,6709,126286,0.00708782855163846,0.104849263280341,0.0406468107793719,0.765110023264831,151813,13243,5918,145895,106317,123080,22815,13105,69136,0.883912126793331,0.919766624660721,0.0802333753392788,0.0389821688524698,0.96101783114753,0.728722711539121,0.843620411940094,0.156379588059906,0.0898248740532575,0.473875047122931,30335.67,40447.56,54604.206,25866,38271,126785,134321,14090,176,7343,19367,0.156710449786739,0.231866760372237,0.768133239627763,0.813790471112834,0.085364967041489,0.00106630476929042,0.0444879313687476,0.117335934470725
"42","Communications & Journalism","Communications",5741,684366,73729,38310,507315,0.0293880190636548,0.107733288912658,0.0559788183515838,0.741291940277571,624356,60010,33079,591277,394058,478000,113277,60737,321452,0.863977754593302,0.91231300210706,0.0876869978929403,0.0529809916137588,0.947019008386241,0.666452441072458,0.80841974235426,0.19158025764574,0.102721736174416,0.543657202969167,30335.67,40447.56,51570.639,106894,218069,466297,529248,67441,3197,41097,72193,0.156194200179436,0.318643825087745,0.681356174912255,0.773340580917228,0.0985452228778168,0.0046714769582358,0.0600512006733239,0.105488875835445
"43","Communications & Journalism","Journalism",1902,224229,22932,16337,165503,0.00962883329479292,0.102270446730798,0.0728585508564905,0.738098105062235,208229,16000,12159,196070,134064,160840,35230,14917,85403,0.874418563165335,0.928644376953918,0.0713556230460824,0.0583924429354221,0.941607557064578,0.683755801499464,0.82031927372877,0.17968072627123,0.0760799714387719,0.435574029683276,30335.67,40000,50559.45,32855,72455,151774,171529,26155,160,15080,22761,0.14652431219869,0.323129479237744,0.676870520762256,0.764972416591966,0.116644145048143,0.000713556230460824,0.0672526747209326,0.101507833509493
"44","Communications & Journalism","Mass Media",1740,195279,16652,10723,146885,0.00838566348230544,0.0852728660019767,0.0549111783653132,0.752180213950297,178317,16962,16062,162255,96181,124245,38010,16163,91696,0.830888113929301,0.913139661714777,0.0868603382852227,0.0900755396288632,0.909924460371137,0.592776801947552,0.765739114357031,0.234260885642969,0.0996148038581246,0.56513512680657,27302.103,37413.993,50559.45,27972,88609,106670,137038,31318,268,15811,22537,0.143241208732122,0.453755908213377,0.546244091786623,0.701754925004737,0.160375667634513,0.00137239539325785,0.0809662073238802,0.115409234991986
"45","Computers & Mathematics","Applied Mathematics",219,22851,6214,4178,10742,0.00098126678359763,0.271935582687847,0.182836637346287,0.470088836374776,19237,3614,2062,17175,11493,14097,3078,514,3763,0.751608244715767,0.841844995842633,0.158155004157367,0.107189270676301,0.892810729323699,0.669170305676856,0.820786026200873,0.179213973799127,0.0299272197962154,0.219097525473071,40447.56,60165.7455,91007.01,4857,13952,8899,13355,292,61,7128,1997,0.212550873047131,0.610564089098945,0.389435910901055,0.584438317797908,0.0127784342041924,0.00266946741936896,0.311933832217408,0.0873922366636033
"46","Computers & Mathematics","Communication Technologies",580,67130,6721,1399,52899,0.00288269393824817,0.100119171756294,0.020840160881871,0.788008342022941,59758,7372,4872,54886,31817,40338,14548,7047,30022,0.817607626992403,0.890183226575302,0.109816773424698,0.0815288329596037,0.918471167040396,0.579692453448967,0.734941515140473,0.265058484859527,0.128393397223336,0.546988303028095,27000,35391.615,48537.072,9920,38467,28663,47115,6293,181,8477,9394,0.14777297780426,0.573022493669,0.426977506331,0.701847162222553,0.0937434827945777,0.00269626098614628,0.126277372262774,0.139937434827946
"47","Computers & Mathematics","Computer Administration Management And Security",325,36487,5277,3699,23495,0.00156682338335857,0.144626853399841,0.101378573190451,0.643927974347028,33113,3374,1855,31258,22533,27035,4223,1786,12221,0.856688683640749,0.907528708855209,0.0924712911447913,0.0560202941442938,0.943979705855706,0.720871456907032,0.864898585961994,0.135101414038006,0.0571373728325549,0.390971911190735,34380.426,51570.639,72805.608,8634,29382,7105,24444,4861,131,4554,3266,0.23663222517609,0.805273110971031,0.194726889028969,0.669937237920355,0.133225532381396,0.00359031983994299,0.124811576725957,0.0895113328034643
"48","Computers & Mathematics","Computer And Information Systems",1417,172546,21975,16457,116860,0.00740946385027512,0.127357342389855,0.0953774645601753,0.67726867038355,147056,25490,10143,136913,93602,112922,23991,8264,53619,0.793486954203517,0.852271278383735,0.147728721616265,0.0689737242955065,0.931026275704493,0.683660426694324,0.824771935462666,0.175228064537334,0.0603594983675765,0.391628260282077,39436.371,52581.828,70783.23,37740,120775,51771,93311,20439,189,49230,15628,0.218724282220393,0.699958271997033,0.300041728002967,0.54078912290056,0.118455368423493,0.00109536007789227,0.285315220289082,0.0905729486629652
"49","Computers & Mathematics","Computer Networking And Telecommunications",238,27477,2962,2986,19378,0.00117991630182102,0.107799250282054,0.108672708083124,0.705244386213924,26085,1392,841,25244,18255,21538,3706,2582,14211,0.918732030425447,0.949339447537941,0.0506605524620592,0.0322407513896876,0.967759248610312,0.723142132784028,0.853192837902076,0.146807162097924,0.102281730312153,0.562945650451593,30335.67,42469.938,58000,4526,17962,9515,20338,2676,0,2965,2417,0.164719583651781,0.653710375950795,0.346289624049205,0.740182698256724,0.0973905448193034,0,0.107908432507188,0.0879644793827565
"50","Computers & Mathematics","Computer Programming And Data Processing",165,20667,2248,2266,13269,0.000887481537640026,0.108772439154207,0.109643392848502,0.642038031644651,18719,1948,1125,17594,10842,14511,3083,1028,4981,0.85130884985726,0.905743455750714,0.0942565442492863,0.06009936428228,0.93990063571772,0.616232806638627,0.824769807889053,0.175230192110947,0.0584290098897351,0.283107877685575,39436.371,50000,62693.718,3181,16946,3721,14397,1431,0,3140,1622,0.153916872308511,0.819954516862631,0.180045483137369,0.696617796487153,0.0692408186964726,0,0.151933033338172,0.0784826051192723
"51","Computers & Mathematics","Computer Science",4583,558571,105237,74178,328540,0.0239861348991691,0.18840398087262,0.132799590383317,0.588179479421595,461643,96928,25236,436407,301714,373489,62918,14637,108095,0.78129190380453,0.826471478111109,0.173528521888891,0.0546656182374692,0.945334381762531,0.69135921284489,0.855827243834311,0.144172756165689,0.0335397919831717,0.247693093832134,45503.505,64000,87973.443,99798,434081,124490,292696,40077,697,192926,34803,0.178666633248056,0.777127706236092,0.222872293763908,0.524008586195846,0.0717491599098414,0.00124782704436858,0.345392080863489,0.0623072089313624
"52","Computers & Mathematics","Information Sciences",466,54717,7551,4770,36631,0.00234965535854499,0.138000986896211,0.0871758320083338,0.669462872599009,48673,6044,3442,45231,32498,39803,5428,1235,16617,0.826635232194748,0.889540727744577,0.110459272255423,0.0707168245228361,0.929283175477164,0.718489531515996,0.879993809555393,0.120006190444607,0.0273042824611439,0.367380778669497,40447.56,60000,72000,9564,39507,15210,33447,5779,0,12224,3284,0.174790284555074,0.722024233784747,0.277975766215253,0.611272547837052,0.105616170477183,0,0.223404060895151,0.0600179103386516
"53","Computers & Mathematics","Mathematics",2419,266007,70577,39033,129349,0.011422862601394,0.265320085561658,0.146736740010601,0.486261639731285,227363,38644,13547,213816,127157,161655,52161,11177,65945,0.803798396282805,0.85472562752108,0.14527437247892,0.0595831335793423,0.940416866420658,0.594702922138661,0.756047255584241,0.243952744415759,0.0522739177610656,0.308419388633217,35000,47525.883,65727.285,49231,150695,115312,190171,15605,162,47439,24200,0.185074076997974,0.56650764829497,0.43349235170503,0.714909758013887,0.0586638697477886,0.000609006529903348,0.178337412173364,0.0909750495287718
"54","Computers & Mathematics","Statistics And Decision Science",264,29621,7590,4525,14205,0.00127198386928123,0.25623712906384,0.152763242294318,0.47955842139023,24570,5051,824,23746,13554,18108,5638,472,6916,0.801660983761521,0.829479085783735,0.170520914216266,0.0335368335368335,0.966463166463166,0.57079087004127,0.762570538195907,0.237429461804093,0.0198770319211657,0.291249052471995,44492.316,60671.34,76850.364,4510,15238,14383,14424,880,67,12940,1855,0.15225684480605,0.514432328415651,0.485567671584349,0.486951824718949,0.0297086526450829,0.00226190878093245,0.436852233212923,0.0626244893825327
"55","Education","Art And Music Education",1005,105873,19623,10924,65784,0.00454639438885965,0.185344705448981,0.103180225364352,0.621348219092687,97913,7960,3772,94141,52616,70997,23144,6410,24209,0.889187989383507,0.924815580931871,0.0751844190681288,0.0385239957921829,0.961476004207817,0.55890632136901,0.75415600004249,0.245843999957511,0.0680893553287091,0.257156817964543,31346.859,38627.4198,45503.505,32115,37017,68856,92065,6239,112,3935,6550,0.303335127936301,0.349635884503131,0.650364115496869,0.869579590641618,0.058929094292218,0.00105787122306915,0.0371671719890813,0.0618665759919904
"56","Education","Early Childhood Education",1082,113714,18251,14493,72720,0.00488310231631092,0.160499146982781,0.127451325254586,0.63949909421883,105188,8526,2783,102405,62975,86550,15855,2973,19232,0.90054874509735,0.925022424679459,0.074977575320541,0.0264573905768719,0.973542609423128,0.614960207021142,0.845173575509008,0.154826424490992,0.0290317855573458,0.187803329915531,25279.725,35000,41458.749,40308,4011,109703,96507,8129,209,5459,8788,0.354468227307104,0.0352727016902053,0.964727298309795,0.848681780607489,0.0714863605184938,0.00183794431644301,0.0480064020261357,0.0772816012100533
"57","Education","Elementary Education",4148,417395,73822,43863,264632,0.0179237604104736,0.176863642353167,0.105087507037698,0.63400855304927,381394,36001,9345,372049,223728,310235,61814,17446,71102,0.891359503587729,0.913748367852993,0.086251632147007,0.024502220800537,0.975497779199463,0.60134014605603,0.833855217995479,0.166144782004521,0.0468916728710466,0.191109235611438,30335.67,36402.804,42469.938,145244,30425,386970,377777,15350,1333,11681,28561,0.347977335617341,0.0728925837635813,0.927107416236419,0.905082715413457,0.0367757160483475,0.00319361755651122,0.0279854813785503,0.0684267899711305
"58","Education","General Education",3339,467242,91928,65304,272472,0.0200642884119611,0.196746011702715,0.139764832784724,0.583149631240342,415754,51488,11379,404375,256295,335285,69090,23316,97860,0.86545087984385,0.889804426828068,0.110195573171932,0.0273695502628958,0.972630449737104,0.633805255023184,0.829143740340031,0.170856259659969,0.0576593508500773,0.242003091190108,30335.67,38829.6576,46514.694,120612,91384,375858,372032,43199,1534,26748,65344,0.258136040852492,0.195581732806554,0.804418267193446,0.796229790986256,0.0924553015353928,0.00328309526968894,0.0572465660193219,0.139850441527089
"59","Education","Language And Drama Education",738,79089,14692,9001,47366,0.00339623686700595,0.185765403532729,0.113808494228022,0.598894915854291,70293,8796,2167,68126,38058,54547,13579,2522,16559,0.861384010418642,0.888783522360885,0.111216477639115,0.0308281052167357,0.969171894783264,0.558641341044535,0.800678155183043,0.199321844816957,0.0370196400786777,0.243064321991604,31000,37312.8741,45000,21950,14132,64957,65665,4586,608,4432,7562,0.277535434763368,0.178684772850839,0.821315227149161,0.830267167368408,0.0579853076913351,0.00768754188319488,0.0560381342538153,0.0956138021722363
"60","Education","Mathematics Teacher Education",436,45646,10228,7018,25494,0.00196012881729891,0.224072207860492,0.153748411689962,0.558515532576787,42300,3346,1089,41211,25569,35694,5517,1048,6805,0.902839241116418,0.926696753275205,0.0733032467247952,0.0257446808510638,0.974255319148936,0.620441144354663,0.866127975540511,0.133872024459489,0.025430103613113,0.165125815922933,34077.0693,40447.56,47900,13346,15039,30607,41194,1093,0,1826,3370,0.292380493361959,0.329470271217631,0.670529728782369,0.902466809797134,0.0239451430574421,0,0.0400035052359462,0.0738290321167244
"61","Education","Miscellaneous Education",285,28380,4856,3681,17554,0.00121869289389964,0.171106412966878,0.129704016913319,0.618534178999295,25950,2430,892,25058,17585,22140,2918,677,6770,0.882945736434109,0.914376321353066,0.0856236786469345,0.034373795761079,0.965626204238921,0.701771889217016,0.883550163620401,0.116449836379599,0.0270173198180222,0.270173198180222,33369.237,40447.56,48537.072,10522,9902,18478,23989,770,223,891,2779,0.370754052149401,0.348907681465821,0.651092318534179,0.845278365045807,0.0271317829457364,0.00785764622973925,0.0313953488372093,0.0979210711768851
"62","Education","Physical And Health Education Teaching",658,71576,11244,7615,44649,0.00307361390323329,0.157091762601989,0.106390410193361,0.623798479937409,65097,6479,2834,62263,36388,47567,14696,3737,26337,0.86988655415223,0.909480831563653,0.0905191684363474,0.0435350323363596,0.95646496766364,0.584424136324944,0.763968970335512,0.236031029664488,0.0600195943015916,0.422996000835167,30335.67,38425.182,49548.261,18253,39169,32407,55654,8709,51,4076,3865,0.255015647703141,0.547236503856041,0.452763496143959,0.777551134458478,0.121674863082598,0.000712529339443389,0.0569464625013971,0.0539985469989941
"63","Education","Science And Computer Teacher Education",201,20693,4244,3367,11287,0.00088859802866333,0.205093509882569,0.162712028222104,0.54545015222539,18589,2104,894,17695,11731,15362,2333,753,2765,0.855120088918958,0.89832310443145,0.10167689556855,0.0480929582010867,0.951907041798913,0.662955637185646,0.868154846001695,0.131845153998305,0.042554393896581,0.156258830178016,32358.048,37980,42469.938,6797,6008,14685,17958,750,116,1254,765,0.32846856424878,0.290339728410574,0.709660271589426,0.867829700865027,0.0362441405306142,0.00560576040206833,0.060600202967187,0.0369690233412265
"64","Education","Secondary Teacher Education",439,44636,8182,4121,28731,0.00191675743523976,0.183304955641186,0.0923245810556502,0.643673268213998,42148,2488,1138,41010,26978,34647,6363,1286,8000,0.918765122322789,0.944260238372614,0.055739761627386,0.0270000949036728,0.972999905096327,0.657839551328944,0.844842721287491,0.155157278712509,0.0313582053157766,0.195074372104365,31346.859,37500,43481.127,11790,18276,26360,39191,2262,180,1570,2765,0.264136571377364,0.409445290796666,0.590554709203334,0.878013262837172,0.0506765839232906,0.00403261941034143,0.0351734026346447,0.0619455148310781
"65","Education","Social Science Or History Teacher Education",447,47581,9233,4943,29298,0.00204322151461025,0.194048044387466,0.103886004917929,0.615749984237406,42160,5421,832,41328,25879,33143,8185,2399,11734,0.868581997015615,0.886067968306677,0.113932031693323,0.0197343453510436,0.980265654648956,0.626185636856369,0.801950251645374,0.198049748354626,0.0580478126209834,0.283923732094464,30000,38425.182,45503.505,12578,24832,22749,41436,1451,188,2195,4709,0.264349215022803,0.521888989302453,0.478111010697547,0.870851810596667,0.030495365797272,0.00395115697442256,0.0461318593556251,0.0989680754923184
"66","Education","Special Needs Education",798,81801,18042,13465,43172,0.00351269546912913,0.220559650860014,0.164606789648048,0.527768609185707,74728,7073,3088,71640,43962,61329,10311,3788,12113,0.875783914622071,0.913534064375741,0.0864659356242589,0.0413231988009849,0.958676801199015,0.613651591289782,0.85607202680067,0.14392797319933,0.0528754885538805,0.169081518704634,32358.048,40447.56,47525.883,24656,9089,72712,71261,3348,688,1637,7314,0.30141440813682,0.111111111111111,0.888888888888889,0.871150719428858,0.040928595004951,0.00841065512646545,0.0200119802936394,0.0894121098764074
"67","Education","Teacher Education: Multiple Levels",437,43152,8336,5808,25547,0.00185303156298652,0.193177604746014,0.134593993325918,0.592023544679273,39644,3508,689,38955,24253,33322,5633,649,5852,0.90273915461624,0.918705969595847,0.0812940304041528,0.017379679144385,0.982620320855615,0.622590168142729,0.855397253240919,0.144602746759081,0.0166602490052625,0.150224618149146,32000,37413.993,43481.127,17316,7464,35688,39227,1818,0,647,1184,0.401279199110122,0.172969966629588,0.827030033370412,0.909042454579162,0.0421301446051168,0,0.0149935113088617,0.0274378939562477
"68","Engineering","Aerospace Engineering",564,58067,14177,6729,32307,0.00249351093270157,0.244149000292765,0.115883376100022,0.556374532867205,52089,5978,2153,49936,33743,42230,7706,1252,13144,0.859972101193449,0.897049959529509,0.102950040470491,0.0413331029583981,0.958666897041602,0.675724927907722,0.845682473566165,0.154317526433835,0.025072092278116,0.263216917654598,45503.505,64000,76000,9890,51391,6676,44825,1314,169,8414,4907,0.170320491845627,0.885029362632821,0.114970637367179,0.771953088673429,0.0226290319802986,0.0029104310537827,0.144901579210223,0.0845058294728503
"69","Engineering","Architecture",1313,149851,28841,26342,81684,0.00643489601281732,0.19246451475132,0.175787949363034,0.545101467457675,127705,22146,6893,120812,76506,96056,24756,6538,35845,0.806214172744927,0.852213198443788,0.147786801556213,0.0539759602208214,0.946024039779179,0.633264907459524,0.795086580803231,0.204913419196769,0.0541171406813893,0.296700658874946,35391.615,45503.505,57637.773,25716,79469,70382,104564,8489,70,22937,21934,0.171610466396621,0.530320117983864,0.469679882016136,0.697786467891439,0.0566496052745727,0.000467130683145258,0.153065378275754,0.14637206291583
"70","Engineering","Biological Engineering",357,36573,11055,5465,16263,0.00157051639212797,0.302272167992782,0.149427173051158,0.444672299237142,30780,5793,1223,29557,18882,25061,4496,1173,6542,0.808164492931944,0.84160446230826,0.15839553769174,0.0397335932423652,0.960266406757635,0.638833440470954,0.847887133335589,0.152112866664411,0.0396860303819738,0.221335047535271,38000,56626.584,70783.23,5660,20756,15817,20403,2297,0,11979,1990,0.154758975200284,0.567522489268039,0.432477510731961,0.557870560249364,0.0628058950591967,0,0.327536707407104,0.0544117244962131
"71","Engineering","Biomedical Engineering",665,68755,21697,12461,28669,0.00295247462720472,0.31556977674351,0.181237728165224,0.416973311031925,55761,12994,3011,52750,33946,45170,7580,1014,11732,0.767216929677842,0.811010108355756,0.188989891644244,0.0539983142339628,0.946001685766037,0.643526066350711,0.856303317535545,0.143696682464455,0.0192227488151659,0.222407582938389,40000,60000,74000,9101,35729,33026,44495,3511,0,19004,4193,0.132368555014181,0.519656752236201,0.480343247763799,0.647152934332049,0.0510653770634863,0,0.276401716238819,0.0609846556614064
"72","Engineering","Chemical Engineering",1255,138137,29886,11332,84748,0.00593187386485606,0.216350434713364,0.0820345019799185,0.61350688085017,119372,18765,5843,113529,84098,100739,12790,3031,22776,0.821858010525782,0.864156598159798,0.135843401840202,0.0489478269610964,0.951052173038904,0.74076227219477,0.887341560306177,0.112658439693823,0.0266980242933524,0.200618344211611,45503.505,66000,80000,22993,88242,49895,93760,7664,269,29600,9289,0.166450697495964,0.638800610987643,0.361199389012357,0.678746461845849,0.0554811527686282,0.00194734213136234,0.214280026350652,0.0672448366476759
"73","Engineering","Civil Engineering",1701,185566,38250,22021,108548,0.00796856820117622,0.206126122242221,0.118669368311005,0.584956295873166,162803,22763,4891,157912,113500,139127,18785,4221,29482,0.850974855307546,0.877332054363407,0.122667945636593,0.0300424439353083,0.969957556064692,0.718754749480723,0.881041339480217,0.118958660519783,0.0267300775115254,0.18669892091798,48537.072,59000,70783.23,38531,136033,49533,128470,9435,889,33134,21042,0.207640408264445,0.733070713384995,0.266929286615005,0.692314324822435,0.0508444434864145,0.00479074830518522,0.178556416584935,0.11339361736525
"74","Engineering","Computer Engineering",1575,168427,34573,22773,96189,0.00723258590700617,0.205269938905282,0.135209912899951,0.571102020459903,143288,25139,6699,136589,93774,117765,18824,3946,29774,0.810968550173072,0.850742458156946,0.149257541843054,0.0467519959801239,0.953248004019876,0.686541375952676,0.862185095432282,0.137814904567718,0.0288895884734495,0.217982414396474,48537.072,69772.041,85951.065,30059,134016,34411,89879,9914,828,57918,14241,0.178469010313073,0.795691902129706,0.204308097870294,0.533637718418068,0.0588622964251575,0.00491607640105209,0.34387598187939,0.0845529517238923
"75","Engineering","Electrical Engineering",2811,317843,90694,65269,140571,0.0136488021661644,0.285342134324179,0.205349811070245,0.442265521027677,261878,55965,12128,249750,160237,209992,39758,9071,55021,0.785765299220055,0.823922502619218,0.176077497380782,0.04631164129862,0.95368835870138,0.64158958958959,0.840808808808809,0.159191191191191,0.0363203203203203,0.220304304304304,50000,68000,83928.687,60086,244329,73514,153220,12715,821,136881,21592,0.189043018093839,0.768709708881429,0.231290291118571,0.482061898484472,0.0400040271454775,0.00258303627891758,0.430656015705867,0.067932910273311
"76","Engineering","Electrical Engineering Technology",325,40631,10995,7184,21089,0.00174477487568839,0.270606187393862,0.176810809480446,0.51903718835372,30443,10188,1968,28475,15833,23406,5069,1864,10804,0.700819571263321,0.749255494573109,0.250744505426891,0.0646454028840784,0.935354597115922,0.55603160667252,0.82198419666374,0.17801580333626,0.0654609306409131,0.379420544337138,40000,63000,74000,11973,25957,14674,9920,1226,185,27445,1418,0.29467647855086,0.638847185646428,0.361152814353572,0.244148556520883,0.0301740050700204,0.00455317368511728,0.67546946912456,0.0348994610026827
"77","Engineering","Engineering Mechanics Physics And Science",124,12683,3666,2337,6246,0.000544632909560577,0.289048332413467,0.184262398486163,0.49247023574864,10458,2225,625,9833,7512,8600,1233,159,3582,0.775289757943704,0.824568319798155,0.175431680201845,0.0597628609676802,0.94023713903232,0.763958100274586,0.874605918844707,0.125394081155293,0.0161700396623614,0.364283535035086,33369.237,50559.45,75000,1578,10858,1825,9255,494,104,1767,1842,0.124418512970117,0.856106599385004,0.143893400614996,0.729716943940708,0.0389497752897579,0.00819995269258062,0.139320350074903,0.145233777497438
"78","Engineering","Engineering Technologies",185,21343,5213,1922,12739,0.000916510304245951,0.2442486998079,0.0900529447594059,0.596870168205032,17412,3931,956,16456,11400,13585,2871,1567,6900,0.771025629011854,0.815817832544628,0.184182167455372,0.0549046634504939,0.945095336549506,0.692756441419543,0.825534759358289,0.174465240641711,0.0952236266407389,0.419299951385513,35391.615,48000,62693.718,5114,14320,7023,12262,2818,0,4985,1438,0.239610176638711,0.670945977603898,0.329054022396102,0.574520920208031,0.132033922129035,0,0.233566040387949,0.0673757203767043
"79","Engineering","Environmental Engineering",199,20309,4011,3109,11099,0.000872108315088367,0.197498645920528,0.153084839233837,0.54650647496184,17500,2809,830,16670,10823,13840,2830,415,4173,0.820818356393717,0.861686936826038,0.138313063173962,0.0474285714285714,0.952571428571429,0.649250149970006,0.830233953209358,0.169766046790642,0.0248950209958008,0.250329934013197,30335.67,50559.45,66738.474,2845,9043,11266,14676,689,0,3246,1670,0.140085676301147,0.445270569698163,0.554729430301837,0.722635284849082,0.0339258456841794,0,0.159830616967847,0.0822295533999705
"80","Engineering","General Engineering",1595,221652,50918,29201,118525,0.00951817185759844,0.229720462707307,0.131742551386859,0.534734629058163,173953,47699,9577,164376,118154,143727,20649,6259,43687,0.741594932597044,0.784802302708751,0.215197697291249,0.0550551010905245,0.944944898909476,0.718803231615321,0.874379471455687,0.125620528544313,0.0380773348907383,0.265774808974546,40447.56,60671.34,74000,42194,166200,55452,126145,15568,542,62029,25645,0.190361467525671,0.749824048508473,0.250175951491527,0.569112843556566,0.0702362261563171,0.00244527457455832,0.279848591485752,0.115699384620937
"81","Engineering","Industrial And Manufacturing Engineering",610,65848,13360,7586,38760,0.00282764234240676,0.202891507714737,0.115204713886527,0.588628356214312,57279,8569,2587,54692,39020,48438,6254,1588,12165,0.830579516462155,0.869866966346738,0.130133033653262,0.0451648946385237,0.954835105361476,0.713449864696848,0.885650552183135,0.114349447816865,0.0290353250932495,0.222427411687267,50559.45,65000,75000,13981,44605,21243,47211,2091,30,11426,10471,0.212322318065849,0.677393390839509,0.322606609160491,0.716969384035962,0.0317549507957721,0.000455594702952254,0.173520835864415,0.159017737820435
"82","Engineering","Industrial Production Technologies",113,12982,1210,1089,9101,0.000557472556328582,0.0932059775073178,0.083885379756586,0.701047604375289,12185,797,270,11915,8106,10610,1305,1137,5782,0.917809274379911,0.938607302418734,0.0613926975812664,0.0221583914649159,0.977841608535084,0.680318925723877,0.890474192194713,0.109525807805287,0.0954259336970206,0.485270667226186,34380.426,50000,63000,2904,10961,2021,9976,1294,0,1173,760,0.223694346017563,0.844322908642736,0.155677091357264,0.768448621167771,0.0996764751193961,0,0.0903558773686643,0.0585425974426129
"83","Engineering","Materials Engineering And Materials Science",145,14627,4558,1123,7194,0.00062811208453383,0.311615505571888,0.0767758255281329,0.491830177069802,12663,1964,365,12298,8189,10001,2297,118,2987,0.840773911259999,0.865727763724619,0.134272236275381,0.0288241333017452,0.971175866698255,0.66588063099691,0.813221662058871,0.186778337941129,0.00959505610668401,0.242885021954789,45000,61000,72805.608,3240,10269,4358,10179,413,0,3568,384,0.22150816982293,0.702057838244343,0.297942161755657,0.695904833527039,0.0282354549805155,0,0.243932453681548,0.0262528201271621
"84","Engineering","Materials Science",193,19714,8682,2479,7543,0.000846557847439661,0.440397686922999,0.125748199249264,0.382621487267931,16561,3153,649,15912,11338,13286,2626,250,2383,0.807142132494674,0.840062899462311,0.159937100537689,0.0391884548034539,0.960811545196546,0.712543991955757,0.834967320261438,0.165032679738562,0.0157114127702363,0.149761186525892,30000,54604.206,70783.23,3517,12754,6960,11405,1130,0,6769,967,0.178401136248351,0.646951405092827,0.353048594907173,0.578522877143147,0.0573196712995841,0,0.343360048696358,0.0490514355280511
"85","Engineering","Mechanical Engineering",3585,398092,81633,41461,237675,0.0170948517095947,0.205060639249219,0.104149292123429,0.597035358660812,357416,40676,18986,338430,235233,293527,44903,9697,76402,0.850130120675623,0.897822613868151,0.102177386131849,0.053120173691161,0.946879826308839,0.695071358922081,0.867319682061283,0.132680317938717,0.0286528972017847,0.225754218006678,50559.45,65000,75839.175,72524,343543,54549,287652,15014,825,74297,38153,0.182178993800428,0.862973885433518,0.137026114566482,0.722576690815188,0.0377149000733499,0.00207238527777499,0.186632738161028,0.0958396551550898
"86","Engineering","Mechanical Engineering Related Technologies",157,17414,2056,666,13641,0.000747791333839619,0.11806592396922,0.0382450901573447,0.78333524750201,15758,1656,550,15208,9843,12535,2673,701,6103,0.873320316986333,0.904904100149305,0.0950958998506948,0.0349029064602107,0.965097093539789,0.647225144660705,0.824237243556023,0.175762756443977,0.0460941609679116,0.401301946344029,47762.9415,56000,65727.285,4398,16759,655,13418,900,83,2844,1145,0.252555415183186,0.962386585505915,0.0376134144940852,0.770529459055932,0.051682554266682,0.00476628000459401,0.163316871482715,0.0657516940392787
"87","Engineering","Miscellaneous Engineering",364,43751,7754,2326,30035,0.00187875379848496,0.177230234737492,0.0531644990971635,0.686498594317844,38019,5732,1353,36666,26947,31539,5127,1063,13398,0.838060844323558,0.86898585175196,0.13101414824804,0.0355874694231831,0.964412530576817,0.734931544209895,0.860170184912453,0.139829815087547,0.0289914362079311,0.365406643757159,39436.371,56626.584,73816.797,7477,34658,9093,28485,3279,48,8580,5150,0.170898950881123,0.792164750519988,0.207835249480012,0.651070832666682,0.0749468583575233,0.00109711778016502,0.196109803204498,0.117711595163539
"88","Engineering","Miscellaneous Engineering Technologies",298,33384,3710,3331,23497,0.00143357447392339,0.111131080757249,0.0997783369278696,0.703840162952312,30695,2689,2370,28325,19474,24479,3846,1359,11560,0.84846034028277,0.9194524323029,0.0805475676971004,0.0772112721941684,0.922788727805832,0.687519858781995,0.864218887908208,0.135781112091792,0.0479788172992056,0.408120035304501,37919.5875,54000,69000,6504,26458,6926,25502,792,496,4408,2878,0.194823867721064,0.792535346273664,0.207464653726336,0.763898873711958,0.0237239396117901,0.0148574167265756,0.132039300263599,0.0862089623771867
"89","Engineering","Nuclear Engineering",107,10382,3441,1636,4323,0.000445823453998101,0.331439029088808,0.157580427663263,0.416393758428049,8880,1502,297,8583,5501,7060,1523,185,2036,0.826719321903294,0.855326526680794,0.144673473319206,0.0334459459459459,0.966554054054054,0.64091809390656,0.82255621577537,0.17744378422463,0.0215542351159268,0.2372130956542,48537.072,63704.907,80895.12,2168,7380,3002,8218,401,0,1298,1385,0.208822962820266,0.7108456944712,0.2891543055288,0.79156231939896,0.0386245424773647,0,0.125024080138702,0.133403968406858
"90","Engineering","Petroleum Engineering",140,15658,1997,971,9945,0.000672385247804109,0.127538638395708,0.0620130284838421,0.635138587303615,13736,1922,1372,12364,8638,10300,2064,475,3284,0.789628305019798,0.877251245369779,0.122748754630221,0.0998835177635411,0.900116482236459,0.698641216434811,0.833063733419605,0.166936266580395,0.0384179877062439,0.265609835004853,45000,80895.12,116286.735,3230,13539,2119,11754,1640,0,1503,1274,0.206284327500319,0.864669817345766,0.135330182654234,0.750670583727168,0.104738791671989,0,0.0959892706603653,0.0813641588964108
"91","Health","Communication Disorders Sciences And Services",1274,130359,44418,44404,30821,0.00559787128103818,0.340735967597174,0.340628571866921,0.236431700151121,105776,24583,5027,100749,52066,68989,31760,7075,31650,0.77285803051573,0.811420768800006,0.188579231199994,0.0475249584026622,0.952475041597338,0.516789248528521,0.684761139068378,0.315238860931622,0.0702240220746608,0.314147038680285,32358.048,45503.505,59660.151,30337,4714,125645,112400,5012,389,5457,12939,0.232718876333817,0.0361616766007717,0.963838323399228,0.86223429145667,0.0384476714304344,0.00298406707630467,0.0418613214277495,0.0992566681241801
"92","Health","Community And Public Health",1070,121210,27815,11179,64099,0.00520499526672219,0.229477765860903,0.0922283639963699,0.528826004455078,102007,19203,4490,97517,55469,70711,26806,7538,52385,0.804529329263262,0.841572477518357,0.158427522481643,0.0440165870969639,0.955983412903036,0.568813642749469,0.725114595403878,0.274885404596122,0.0772993426787124,0.53718838766574,26000,36402.804,50559.45,21614,26974,94236,75776,19546,575,18043,14176,0.17831862057586,0.222539394439403,0.777460605560597,0.625162940351456,0.161257322003135,0.0047438330170778,0.148857355003713,0.116954046695817
"93","Health","General Medical And Health Services",1459,168448,43338,25548,75390,0.00723348768821731,0.257278210486322,0.151666983282675,0.447556515957447,137687,30761,7698,129989,70845,90257,39732,13852,71417,0.771686217705167,0.817385780775076,0.182614219224924,0.0559094177373318,0.944090582262668,0.545007654493842,0.694343367515713,0.305656632484287,0.106562863011486,0.54940802683304,28313.292,38425.182,52000,31007,42650,125798,120450,24326,240,13961,12951,0.18407461056231,0.253193863981763,0.746806136018237,0.715057465805471,0.14441251899696,0.00142477203647416,0.0828801766717325,0.0768842610182371
"94","Health","Health And Medical Administrative Services",755,85448,16362,7873,47923,0.00366930480612885,0.191484879692913,0.0921379084355397,0.560844022095309,76247,9201,3927,72320,50714,58249,14071,4839,44712,0.846362700121711,0.892320475610898,0.107679524389102,0.0515036657179955,0.948496334282005,0.701244469026549,0.805434181415929,0.194565818584071,0.0669109513274336,0.618252212389381,29000,39000,50559.45,20096,21368,64080,60010,13073,780,6548,7982,0.235183971538245,0.250070218144369,0.749929781855632,0.702298473925662,0.152993633554911,0.00912835876790563,0.0766314015541616,0.0934135380582342
"95","Health","Health And Medical Preparatory Programs",395,46529,19581,6145,14388,0.00199804657012884,0.420834318382084,0.132068172537557,0.309226503900793,28327,18202,1205,27122,13943,18762,8360,2319,15043,0.582905284876099,0.608803112037654,0.391196887962346,0.0425389204645744,0.957461079535426,0.514084507042254,0.691763144310891,0.308236855689108,0.0855025440601725,0.554641988053978,28818.8865,40447.56,65000,6458,19257,27272,31496,3377,158,8130,5394,0.138795160007737,0.413870919211674,0.586129080788326,0.676911173676632,0.072578391970599,0.00339573169421221,0.174729738442692,0.115927701003675
"96","Health","Medical Assisting Services",312,34061,4828,3975,20889,0.00146264618249175,0.14174569155339,0.116702386894102,0.613282052787646,29431,4630,2171,27260,13991,17123,10137,693,21829,0.800328821819676,0.864067408473034,0.135932591526966,0.0737657571947946,0.926234242805205,0.513242846661775,0.628136463683052,0.371863536316948,0.0254218635363169,0.800770359501101,31852.4535,45503.505,60671.34,11068,4979,29082,26368,2411,52,3505,5003,0.324946419658847,0.146178914300813,0.853821085699187,0.77414051260973,0.0707847685035671,0.00152667273421215,0.102903614104107,0.146883532485834
"97","Health","Medical Technologies Technicians",488,53443,6680,4016,37136,0.00229494729840305,0.12499298317834,0.0751454821024269,0.694871171154314,47873,5570,1118,46755,32948,38573,8182,1519,24251,0.874857324626237,0.895776808936624,0.104223191063376,0.0233534560190504,0.97664654398095,0.704694685060421,0.825002673510854,0.174997326489146,0.0324885039033258,0.518682493850925,35000,45503.505,57637.773,15427,10837,42606,41569,5264,0,3680,4288,0.288662687349138,0.2027767902251,0.7972232097749,0.777819358943173,0.09849746458844,0,0.0688584098946541,0.0802350167468144
"98","Health","Miscellaneous Health Medical Professions",433,49717,12402,9818,21687,0.00213494554637099,0.249451897741215,0.197477723917372,0.436208942615202,41125,8592,1226,39899,22753,28057,11842,2414,16312,0.802522276082628,0.82718184926685,0.17281815073315,0.0298115501519757,0.970188449848024,0.570264918920274,0.703200581468207,0.296799418531793,0.0605027694929697,0.408832301561443,30335.67,39436.371,50559.45,12588,6295,43422,40995,2310,172,3164,7788,0.253193072792003,0.12661665024036,0.87338334975964,0.824567049500171,0.0464629804694571,0.00345958122976044,0.0636402035521049,0.156646619868455
"99","Health","Nursing",7342,847428,125475,27180,598619,0.0363902213421983,0.148065676376046,0.0320735212903043,0.70639511557324,769862,77566,21245,748617,517163,620628,127989,19317,114413,0.883398943627069,0.908468920073446,0.0915310799265542,0.0275958548415171,0.972404145158483,0.690824547131577,0.829032736365859,0.170967263634141,0.0258035818048481,0.152832489777817,40447.56,50559.45,62693.718,272992,92805,754623,640237,68796,2028,95861,83099,0.3221418220781,0.109513728599952,0.890486271400048,0.755506072492294,0.0811821181268497,0.00239312366360328,0.113119934672916,0.0980602481862766
"100","Health","Nutrition Sciences",671,77809,22044,10499,34637,0.00334127115508941,0.283309128764025,0.134932976904985,0.445154159544526,63088,14721,3827,59261,31952,41095,18166,6851,30872,0.761621406264057,0.810805947898058,0.189194052101942,0.0606612985036774,0.939338701496323,0.539174161758998,0.693457754678456,0.306542245321544,0.115607229037647,0.520949697102648,28828.323,36402.804,50000,18280,15111,62698,61824,3470,0,10188,8797,0.234934262103356,0.194206325746379,0.805793674253621,0.794561040496601,0.0445963834517858,0,0.130936009973139,0.113058900641314
"101","Health","Pharmacy Pharmaceutical Sciences And Administration",725,92912,36922,34156,15732,0.0039898236137422,0.397386774582401,0.367616669536766,0.169321508524195,71789,21123,2896,68893,37888,47890,21003,4409,23629,0.741486567935251,0.772655846392285,0.227344153607715,0.040340442129017,0.959659557870983,0.549954276922184,0.695135935436111,0.304864064563889,0.0639977936800546,0.342981144673624,41458.749,60671.34,102000,20841,31195,61717,46602,8550,162,35070,3285,0.224309023592216,0.335747804374031,0.664252195625969,0.501571379369726,0.0920225589805407,0.00174358532805235,0.377453934906148,0.0353560358188393
"102","Health","Treatment Therapy Professions",1529,190896,52637,45581,75918,0.00819744886095371,0.275736526695164,0.238773992121365,0.397692984661805,156507,34389,6318,150189,87768,109315,40874,11355,59389,0.78675823485039,0.819854790042746,0.180145209957254,0.0403688013954647,0.959631198604535,0.584383676567525,0.727849576200654,0.272150423799346,0.0756047380300821,0.395428426848837,30335.67,42000,60000,40604,49346,141550,144450,18262,1169,16702,13871,0.212702204341631,0.258496773112061,0.741503226887939,0.756694744782499,0.0956646551001592,0.00612375324784176,0.087492666163775,0.0726626016260163
"103","Humanities & Liberal Arts","Anthropology And Archeology",1228,137987,27526,14051,80811,0.00592543257049084,0.1994825599513,0.101828433113264,0.585642125707494,120374,17613,9176,111198,58535,75570,35628,13246,64364,0.805858522904332,0.872357540927769,0.127642459072231,0.0762290860152525,0.923770913984748,0.526403352578284,0.679598553930826,0.320401446069174,0.119120847497257,0.578823360132376,25000,35000,45503.505,18161,36613,101374,109815,7218,1063,8243,17765,0.131613847681303,0.265336589678738,0.734663410321262,0.795835839608079,0.0523092755114612,0.00770362425445875,0.059737511504707,0.128744012117084
"104","Humanities & Liberal Arts","Area Ethnic And Civilization Studies",877,96027,19780,12456,56074,0.00412358782672661,0.205983733741552,0.129713518073042,0.583939933560353,82953,13074,5725,77228,46494,58650,18578,6199,38294,0.804232143043102,0.86385079196476,0.13614920803524,0.0690149843887503,0.93098501561125,0.602035531154504,0.759439581498938,0.240560418501062,0.0802688144196405,0.495856425130782,30000,40000,50559.45,15738,23003,73024,67642,9553,655,9110,14890,0.163891405542191,0.239547210680329,0.760452789319671,0.704406052464411,0.0994824372311954,0.00682099826090579,0.0948691513845064,0.155060555885324
"105","Humanities & Liberal Arts","Art History And Criticism",548,60819,11663,8973,36178,0.00261168721332214,0.191765731103767,0.147536131800917,0.594847005047765,52891,7928,2068,50823,28702,37009,13814,6486,27373,0.83564346667982,0.869645998783275,0.130354001216725,0.0390992796506022,0.960900720349398,0.564744308679141,0.728193927946009,0.271806072053991,0.127619384924149,0.538594730732149,29425.5999,40447.56,50559.45,7102,8515,52304,48236,2284,216,4723,7069,0.116772719051612,0.140005590358276,0.859994409641724,0.793107417090054,0.0375540538318618,0.00355152172840724,0.0776566533484602,0.116230125454217
"106","Humanities & Liberal Arts","Composition And Rhetoric",624,69388,9090,4311,50246,0.00297965688942595,0.131002478814781,0.062128898368594,0.724130973655387,63556,5832,5133,58423,34004,41955,16468,6851,33319,0.841975557733326,0.91595088487923,0.0840491151207702,0.0807634212348165,0.919236578765183,0.58203104941547,0.718124711158277,0.281875288841723,0.117265460520685,0.570306215018058,24268.536,31000,40447.56,12592,21095,48293,59247,3327,0,3225,4476,0.181472300685998,0.304015103476105,0.695984896523895,0.853850809938318,0.0479477719490402,0,0.0464777771372572,0.0645068311523606
"107","Humanities & Liberal Arts","English Language And Literature",5119,568154,111772,67095,338454,0.0243976477251817,0.196728351820105,0.118092981832391,0.59570820587376,493255,74899,33262,459993,263073,332489,127504,49941,227275,0.809627319353556,0.868171305667125,0.131828694332875,0.0674336803478931,0.932566319652107,0.571906529012398,0.722813173243941,0.277186826756059,0.108569043441965,0.494083605620086,28313.292,37500,50559.45,96752,165134,403020,446046,43770,1299,43316,53875,0.170291857489343,0.290650070227438,0.709349929772562,0.785079397487301,0.0770389718280607,0.00228635193979097,0.0762398927051468,0.0948246426145024
"108","Humanities & Liberal Arts","French German Latin And Other Common Foreign Language Studies",1112,123815,25530,15756,70012,0.00531685907886485,0.206194726002504,0.127254371441263,0.565456527884344,105470,18345,4008,101462,58900,73943,27519,7269,47885,0.819464523684529,0.851835399588095,0.148164600411905,0.0380013273916754,0.961998672608325,0.580512901381798,0.728775305040311,0.271224694959689,0.0716425854014311,0.47195008968875,27200.9841,39436.371,50000,27612,32110,91705,99092,6199,454,6703,21697,0.223010136090134,0.25933852925736,0.74066147074264,0.800323062633768,0.0500666316682147,0.00366676089326818,0.054137220853693,0.175237249121673
"109","Humanities & Liberal Arts","History",3723,403760,82375,55073,233613,0.0173382467526751,0.204019714681989,0.136400336833763,0.578593719041014,355053,48707,21331,333722,206312,255608,78114,31273,173540,0.826535565682584,0.879366455319992,0.120633544680008,0.0600783544991874,0.939921645500813,0.618215161122132,0.765930924541984,0.234069075458016,0.0937097344496317,0.520013664067697,28313.292,38930.7765,50559.45,69844,228026,175734,335616,25210,2095,19667,34763,0.172983950861898,0.564756290865861,0.435243709134139,0.831226471170993,0.0624380820289281,0.00518872597582722,0.0487096294828611,0.0860981771349316
"110","Humanities & Liberal Arts","Humanities",176,18037,3861,1480,11128,0.0007745441764365,0.21405998780285,0.0820535565781449,0.616954038919998,15517,2520,1009,14508,8798,10502,4006,2743,9495,0.80434662083495,0.860287187448023,0.139712812551976,0.065025455951537,0.934974544048463,0.606424041907913,0.723876481940998,0.276123518059002,0.189068100358423,0.654466501240695,25000,33000,42000,3695,6283,11754,13431,1577,0,2194,1577,0.20485668348395,0.348339524311138,0.651660475688862,0.744636025946665,0.0874313910295504,0,0.121638853467872,0.0874313910295504
"111","Humanities & Liberal Arts","Intercultural And International Studies",820,85905,16844,8399,53203,0.00368892928296155,0.196077061870671,0.0977707933182003,0.619323671497584,78279,7626,4663,73616,41017,54174,19442,8907,38444,0.856946627088062,0.911227518770735,0.0887724812292649,0.0595689776312932,0.940431022368707,0.557175070636818,0.73589980439035,0.26410019560965,0.120992718974136,0.522223429689198,30000,40000,50559.45,14377,25047,60858,63328,5013,309,9855,10533,0.167359292241429,0.291566265060241,0.708433734939759,0.737186426866888,0.0583551597695128,0.0035969966823817,0.114719748559455,0.122612187881963
"112","Humanities & Liberal Arts","Liberal Arts",1858,222636,34080,14864,149316,0.00956042674863429,0.153074974397672,0.066763686016637,0.670673206489517,187578,35058,12507,175071,106697,129885,45186,22979,101761,0.786355306419447,0.842532205034226,0.157467794965774,0.0666762626747273,0.933323737325273,0.609449880334264,0.741899000976747,0.258100999023253,0.131255319270467,0.581255604868882,27302.103,38222.9442,50000,49832,70386,152250,166248,22261,1240,17577,35146,0.223827233690868,0.316148331806177,0.683851668193823,0.7467255969385,0.099988321744911,0.00556962935015002,0.0789494960383765,0.157863058984171
"113","Humanities & Liberal Arts","Linguistics And Comparative Language And Literature",494,55906,13284,5251,31735,0.00240071335187997,0.237613136335993,0.0939255178335062,0.567649268414839,45199,10707,3405,41794,21474,27311,14483,6201,21452,0.747576288770436,0.808482094945086,0.191517905054914,0.0753335250779884,0.924666474922012,0.513805809446332,0.65346700483323,0.34653299516677,0.14837057950902,0.513279418098292,25279.725,34380.426,50559.45,10989,13665,42241,37244,2981,172,9667,9236,0.196562086359246,0.244428147247165,0.755571852752835,0.666189675526777,0.053321647050406,0.00307659285228777,0.17291525059922,0.165205881300755
"114","Humanities & Liberal Arts","Other Foreign Languages",324,32823,8290,3136,17358,0.00140948403299746,0.252566797672364,0.0955427596502453,0.528836486609999,26196,6627,1756,24440,12393,17221,7219,2643,12608,0.744599823294641,0.798098894068184,0.201901105931816,0.067033134829745,0.932966865170255,0.507078559738134,0.70462356792144,0.29537643207856,0.108142389525368,0.515875613747954,25279.725,40000,54604.206,6758,10796,22027,21860,1508,412,6874,3033,0.205892209730981,0.328915699357158,0.671084300642842,0.665996404959937,0.0459433933522225,0.0125521737805807,0.209426316911922,0.0924047162051001
"115","Humanities & Liberal Arts","Philosophy And Religious Studies",1449,152991,37144,22150,79846,0.00656973377486259,0.242785523331438,0.144779758286435,0.521899981044637,127871,25120,8729,119142,70084,87835,31307,12681,59350,0.778751691275957,0.835807335071998,0.164192664928002,0.0682641099232821,0.931735890076718,0.588239243927414,0.737229524433029,0.262770475566971,0.106436017525306,0.498145070588038,30000,39436.371,53593.017,35579,96902,56089,122804,9896,866,11468,12727,0.23255616343445,0.633383663091293,0.366616336908707,0.802687739801688,0.0646835434764136,0.00566046368740645,0.0749586576988189,0.0831878999418266
"116","Humanities & Liberal Arts","Theology And Religious Vocations",947,92222,22528,7771,52531,0.00396019365966219,0.244280106699052,0.0842640584676108,0.569614625577411,79309,12913,1877,77432,47000,55389,22043,8466,39776,0.839626119581011,0.859979180672724,0.140020819327275,0.0236669230478256,0.976333076952174,0.606984192581878,0.715324413679099,0.284675586320901,0.109334642008472,0.513689430726315,24000,33369.237,40447.56,40344,59113,33109,77665,4922,0,5438,6914,0.437466114376179,0.640985881893691,0.359014118106309,0.842152631693088,0.0533712129426818,0,0.058966407147969,0.074971264991
"117","Industrial Arts & Consumer Services","Construction Services",462,55125,3171,2110,44606,0.00236717567921839,0.0575238095238095,0.0382766439909297,0.809179138321996,52535,2590,3322,49213,41395,45484,3729,1601,16414,0.89275283446712,0.953015873015873,0.046984126984127,0.0632340344532217,0.936765965546778,0.841139536301384,0.924227338304919,0.0757726616950806,0.032532054538435,0.333529758397171,41000,56626.584,70783.23,12893,50792,4333,46703,2761,42,1859,6518,0.233886621315193,0.921396825396825,0.0786031746031746,0.847219954648526,0.0500861678004535,0.000761904761904762,0.0337233560090703,0.118240362811791
"118","Industrial Arts & Consumer Services","Cosmetology Services And Culinary Arts",301,37342,4054,2777,26993,0.00160353876124033,0.108564083337797,0.0743666648813668,0.722858979165551,33488,3854,1076,32412,22959,25734,6678,9411,29092,0.86797707675004,0.896791816185528,0.103208183814472,0.0321309125656952,0.967869087434305,0.708348759718623,0.793965198074787,0.206034801925213,0.290355423917068,0.897568801678391,24268.536,31346.859,45503.505,6494,17302,20040,25610,4594,437,3049,6524,0.173906057522361,0.463338867762841,0.536661132237159,0.685822933961759,0.123025012050774,0.011702640458465,0.0816506882330887,0.17470944245086
"119","Industrial Arts & Consumer Services","Family And Consumer Sciences",1839,196964,32685,16049,126053,0.00845802068900808,0.165944030381186,0.0814818951686603,0.639979894803111,169742,27222,6514,163228,97445,120631,42597,11473,71451,0.828719969131415,0.86179200259946,0.13820799740054,0.0383758881125473,0.961624111887453,0.596987036537849,0.739033744210552,0.260966255789448,0.0702881858504668,0.437737397995442,25279.725,34500,43481.127,53101,14050,182914,145403,20232,1169,16600,23251,0.269597489896631,0.0713328323957678,0.928667167604232,0.738221197782336,0.102719278649906,0.00593509473812473,0.0842793606953555,0.118046952742633
"120","Industrial Arts & Consumer Services","Physical Fitness Parks Recreation And Leisure",4729,541537,116624,54831,297744,0.0232546615110547,0.215357399402072,0.101250699398194,0.549812847506265,463128,78409,23284,439844,247367,315950,123894,45644,273760,0.812214123873346,0.855210262641334,0.144789737358666,0.0502755177834206,0.949724482216579,0.5623971226162,0.718322859923064,0.281677140076936,0.103773155937105,0.622402488154891,25279.725,35391.615,48000,103596,276244,265293,430369,50305,3257,29389,43647,0.191299948110655,0.510111035811034,0.489888964188966,0.794717627789052,0.0928930063873752,0.00601436282285421,0.0542696066935408,0.0805983709331034
"121","Industrial Arts & Consumer Services","Transportation Sciences And Technologies",449,52867,6051,2036,37144,0.00227021272804061,0.114457033688312,0.0385117370003972,0.702593300168347,47149,5718,3017,44132,31956,38180,5952,1249,25106,0.834774055649082,0.891841791665879,0.108158208334121,0.0639886317843432,0.936011368215657,0.724100425994743,0.865131877095985,0.134868122904015,0.0283014592585879,0.568884256321943,30335.67,41458.749,60000,8986,44780,8087,39503,4279,668,5420,4109,0.169973707605879,0.847031229311291,0.152968770688709,0.747214708608395,0.0809389600317779,0.0126354814912895,0.102521421680822,0.0777233434845934
"122","Interdisciplinary","Multi/Interdisciplinary Studies",445,48603,7214,2467,33215,0.00208710820021862,0.148427051828076,0.0507581836512149,0.683394029175154,44122,4481,1456,42666,27220,34847,7819,3805,19016,0.877847046478612,0.907804045017797,0.0921959549822027,0.0329994107248085,0.967000589275192,0.637978718417475,0.816739324051938,0.183260675948062,0.0891810809543899,0.445694463976,26400,36000,50000,11735,14621,33982,37303,5386,201,2141,7469,0.241446001275641,0.300825051951526,0.699174948048474,0.767504063535173,0.110816204761023,0.00413554718844516,0.0440507787585128,0.153673641544761
"123","Law & Public Policy","Criminal Justice And Fire Protection",5137,614118,80280,33783,431274,0.0263714320865349,0.130724062802263,0.0550106005686204,0.702265688353053,563178,50940,32741,530437,365002,430811,99626,54195,394987,0.863737913560586,0.917051771809327,0.0829482281906734,0.058136148784221,0.941863851215779,0.688115648041143,0.812181276947121,0.187818723052879,0.102170474533262,0.744644510092622,30000,38000,50000,111268,339169,274949,437640,104073,2582,23935,105677,0.181183420775812,0.552286368417796,0.447713631582204,0.712631774349555,0.169467431340557,0.00420440371394423,0.0389745944590453,0.172079307234115
"124","Law & Public Policy","Pre-Law And Legal Studies",306,34734,7943,4016,20750,0.00149154612321037,0.228680831461968,0.115621581159671,0.597397362814533,27357,7377,812,26545,18905,22600,3945,2409,17800,0.764236770887315,0.787614441181551,0.212385558818449,0.0296816171363819,0.970318382863618,0.712186852514598,0.85138444151441,0.14861555848559,0.0907515539649651,0.670559427387455,30000,40447.56,50559.45,5559,12259,22475,25313,2973,114,4468,6253,0.16004491276559,0.352939482927391,0.647060517072609,0.728767202165026,0.0855933667300052,0.00328208671618587,0.128634767087004,0.18002533540623
"125","Law & Public Policy","Public Administration",162,20652,5060,4691,9707,0.000886837408203504,0.245012589579702,0.227145070695332,0.470027116017819,17955,2697,1331,16624,10481,12710,3914,1552,10742,0.804958357544064,0.869407321324811,0.130592678675189,0.074129768866611,0.925870231133389,0.630474013474495,0.764557266602502,0.235442733397498,0.0933589990375361,0.646174205967276,30335.67,38121.8253,57000,4775,9444,11208,13874,2441,0,2461,3204,0.231212473368197,0.457292271934922,0.542707728065078,0.671799341468139,0.11819678481503,0,0.119165214022855,0.15514235909355
"126","Law & Public Policy","Public Policy",219,22634,4659,4294,11773,0.000971948377749279,0.205840770522223,0.18971458867191,0.520146681982858,19968,2666,1058,18910,11961,14391,4519,1286,8879,0.835468763806663,0.882212600512503,0.117787399487497,0.0529847756410256,0.947015224358974,0.632522474881015,0.761025912215759,0.238974087784241,0.0680063458487573,0.469539925965098,35391.615,47525.883,65000,3673,10185,12449,14761,3088,0,3081,2167,0.162277988866307,0.449986745603959,0.550013254396041,0.652160466554741,0.136431916585668,0,0.136122647344703,0.0957409207387117
"127","Physical Sciences","Atmospheric Sciences And Meteorology",127,13419,2941,2677,6208,0.00057623819391259,0.21916685296967,0.199493255831284,0.462627617557195,12218,1201,738,11480,7656,8722,2758,326,4580,0.855503390714658,0.910500037260601,0.0894999627393994,0.0604026845637584,0.939597315436242,0.666898954703833,0.759756097560976,0.240243902439024,0.028397212543554,0.398954703832753,30000,40000,53593.017,2476,7868,5551,11220,268,0,1203,1344,0.184514494373649,0.586332811684924,0.413667188315076,0.836127878381399,0.0199716819435129,0,0.0896490051419629,0.100156494522692
"128","Physical Sciences","Chemistry",2116,229797,87119,29055,91026,0.00986793414162989,0.379112869184541,0.126437681954073,0.396114831786316,180374,49423,8786,171588,98896,129920,41668,9963,56005,0.74669382106816,0.784927566504349,0.215072433495651,0.0487099027576036,0.951290097242396,0.57635732102478,0.757162505536518,0.242837494463482,0.058063500944122,0.326392288505024,29324.481,39436.371,50559.45,35963,122936,106861,157346,17045,708,40817,19223,0.156498996940778,0.534976522757042,0.465023477242958,0.684717380992789,0.0741741624129123,0.00308098016945391,0.177621988102543,0.0836520929341984
"129","Physical Sciences","Geology And Earth Science",555,59248,13599,6498,31820,0.00254422539033707,0.229526735079665,0.109674588171753,0.53706454226303,53381,5867,4056,49325,28846,38000,11325,3404,19402,0.832517553335134,0.900975560356468,0.0990244396435323,0.0759820910061632,0.924017908993837,0.584815002534212,0.770400405473898,0.229599594526102,0.0690116573745565,0.393350228079067,34000,43481.127,58648.962,10055,33813,25435,48815,2432,200,4475,5615,0.169710369970294,0.570702808533621,0.429297191466379,0.823909667836889,0.0410477990818255,0.00337564137186065,0.0755299756953821,0.0947711315149879
"130","Physical Sciences","Multi-Disciplinary Or General Science",1446,197697,52171,17224,107326,0.00848949714747279,0.263893736374351,0.0871232239234789,0.542881277915193,154580,43117,9506,145074,88894,111634,33440,14184,71295,0.733819936569599,0.781903620186447,0.218096379813553,0.0614956656747315,0.938504334325268,0.61274935550133,0.769496946385982,0.230503053614018,0.0977707928367592,0.491438851896274,29728.9566,42469.938,58648.962,36706,86342,111355,135680,22455,527,25093,27890,0.185667966635811,0.436739050162623,0.563260949837377,0.686302776471064,0.113582907176133,0.00266569548349241,0.126926559330693,0.14107447255143
"131","Physical Sciences","Oceanography",118,11269,3413,988,5736,0.000483912974677769,0.30286627029905,0.0876741503238974,0.509007010382465,10280,989,404,9876,5223,7133,2743,400,3454,0.876386547164788,0.912237110657556,0.0877628893424439,0.0392996108949416,0.960700389105058,0.528857837181045,0.722255974078574,0.277744025921426,0.0405022276225192,0.349736735520454,30335.67,42000,60671.34,2189,3879,7390,9235,702,0,687,858,0.19424971159819,0.344218652941698,0.655781347058301,0.819504836276511,0.0622947910196113,0,0.0609637057414145,0.0761380779128583
"132","Physical Sciences","Physics",1017,112367,47670,13669,38682,0.00482525949291125,0.424234873227905,0.121646034867888,0.344246976425463,92418,19949,4046,88372,49870,64073,24299,3441,22088,0.786458657790988,0.822465670526044,0.177534329473956,0.0437793503430068,0.956220649656993,0.564319015072647,0.725037342144571,0.274962657855429,0.0389376725659711,0.249943420993075,30335.67,42000,65000,19697,88468,23899,79308,3116,301,22419,7690,0.175291678161738,0.787313001148024,0.212686998851976,0.705794405830893,0.027730561463775,0.00267872240070483,0.19951587209768,0.0684364626625255
"133","Psychology & Social Work","Counseling Psychology",144,18231,6579,6206,5028,0.000782874917148851,0.360868849761395,0.340409193132576,0.275793977291427,15638,2593,150,15488,10041,11699,3789,815,4325,0.849541988919971,0.85776973287258,0.14223026712742,0.00959201943982606,0.990407980560174,0.648308367768595,0.755358987603306,0.244641012396694,0.0526213842975207,0.279248450413223,26290.914,35391.615,50559.45,4873,3302,14929,14026,1527,198,1315,2466,0.267291975207065,0.181120070210082,0.818879929789918,0.769348911195217,0.0837584334375514,0.0108606220174428,0.0721298886511985,0.135264110580879
"134","Psychology & Social Work","Human Services And Community Organization",338,39198,7084,2855,23933,0.00168323904351932,0.180723506301342,0.0728353487422828,0.610566865656411,35604,3594,1739,33865,22566,27518,6347,2146,17073,0.863947140160212,0.908311648553498,0.0916883514465024,0.0488428266486912,0.951157173351309,0.666351690535952,0.812579359220434,0.187420640779566,0.063369260298243,0.504148826221763,24500,31346.859,42000,9284,6477,32721,27489,5577,735,2040,4403,0.236848818817287,0.165238022348079,0.834761977651921,0.701285779886729,0.14227766722792,0.0187509566814633,0.0520434716056942,0.112327159548957
"135","Psychology & Social Work","Miscellaneous Psychology",293,31319,7295,4091,15934,0.00134489932149552,0.23292570005428,0.130623583128452,0.508764647657971,27681,3638,1076,26605,15198,18446,8159,1651,14948,0.849484338580414,0.883840480219675,0.116159519780325,0.0388714280553448,0.961128571944655,0.571246006389776,0.693328321744033,0.306671678255967,0.0620560045104304,0.561849276451795,25279.725,32000,42469.938,4882,5143,26176,19652,3482,231,4112,5754,0.155879817363262,0.164213416775759,0.835786583224241,0.627478527411475,0.111178517832626,0.007375714422555,0.131294102621412,0.183722341070915
"136","Psychology & Social Work","Psychology",11933,1356633,357013,158169,689091,0.058256483323811,0.263161075987389,0.11658937973645,0.507942088980586,1162602,194031,61707,1100895,625891,774403,326492,107946,567257,0.811490653699269,0.856976057636811,0.143023942363189,0.053076633276048,0.946923366723952,0.568529242116641,0.703430390727544,0.296569609272456,0.098052947828812,0.515268940271325,26290.914,35391.615,47525.883,246172,305945,1050688,984166,142683,4831,113402,189656,0.181458065666986,0.225517881401971,0.774482118598029,0.725447486534678,0.105174354449582,0.00356102203027643,0.0835907721542967,0.139799046610248
"137","Psychology & Social Work","Social Work",1864,227532,58169,51496,92302,0.00977067059671507,0.25565195225287,0.226324209341983,0.405666016208709,197930,29602,7319,190611,118572,144209,46402,14935,64062,0.837732714519276,0.869899618515198,0.130100381484802,0.036977719395746,0.963022280604254,0.622062735099233,0.756561793390728,0.243438206609272,0.0783532954551416,0.336087633977053,28313.292,35000,44896.7916,58962,22524,205008,156499,44650,770,9292,31231,0.259137176309266,0.0989926691630188,0.901007330836981,0.687810945273632,0.19623613381854,0.00338413937380237,0.040838211768015,0.137259814004184
"138","Social Science","Criminology",633,72811,12106,4768,46577,0.00312664722684027,0.166266086168299,0.0654846108417684,0.639697298485119,65710,7101,3987,61723,40991,49358,12365,6129,44724,0.847715317740451,0.902473527351636,0.0975264726483636,0.0606756962410592,0.939324303758941,0.664112243410074,0.799669491113523,0.200330508886477,0.0992984786870372,0.724592129352105,28313.292,38000,50000,9756,36219,36592,51850,10158,712,4248,15793,0.133990743156941,0.497438573841865,0.502561426158135,0.712117674527201,0.13951188694016,0.00977874222301575,0.0583428328137232,0.216904039224842
"139","Social Science","Economics",4092,463934,80479,45411,293721,0.0199222364002268,0.173470795414865,0.0978824574185121,0.633109450913276,395051,68883,24160,370891,254585,314256,56635,17577,144586,0.7994477662771,0.851524139209456,0.148475860790543,0.0611566607855695,0.938843339214431,0.686414606986958,0.847300150178893,0.152699849821106,0.0473912820747875,0.389834210050931,40000,55000,75000,60099,308920,155014,303061,29725,25,102649,39281,0.12954213314825,0.665870576418197,0.334129423581803,0.653241624886298,0.064071613634698,0.0000538869753025215,0.221257765113141,0.0846693710743339
"140","Social Science","General Social Sciences",310,39183,6934,3500,24331,0.0016825949140828,0.176964499910676,0.0893244519306842,0.620958068550137,35012,4171,2322,32690,19241,24731,7959,3991,17347,0.834290381032591,0.893550774570605,0.106449225429395,0.0663201188164058,0.933679881183594,0.588589782808198,0.756531049250535,0.243468950749465,0.122086264912817,0.530651575405323,24268.536,35391.615,49548.261,7628,12240,26943,25948,7039,0,3452,4939,0.194676262664931,0.312380369037593,0.687619630962407,0.662225965342113,0.179644233468596,0,0.0880994308756348,0.126049562310186
"141","Social Science","Geography",509,59203,9762,5604,37561,0.0025422930020275,0.164890292721653,0.0946573653362161,0.634444200462814,53690,5513,3110,50580,31557,38581,11999,5131,21538,0.854348597199466,0.906879718933162,0.0931202810668378,0.0579251257217359,0.942074874278264,0.623902728351127,0.762771846579676,0.237228153420324,0.101443258204824,0.425820482404112,30335.67,42000,55000,10388,35172,24031,45739,1937,124,6626,5563,0.175464081212101,0.594091515632654,0.405908484367346,0.772579092275729,0.0327179365910511,0.00209448845497694,0.111920004053849,0.0939648328631995
"142","Social Science","Interdisciplinary Social Sciences",340,39673,7402,4593,24288,0.00170363647567585,0.186575252690747,0.115771431452121,0.612204774027676,36661,3012,2403,34258,22148,25463,8795,2757,18088,0.863509187608701,0.924079348675422,0.0759206513245784,0.065546493549003,0.934453506450997,0.646505925623212,0.743271644579368,0.256728355420632,0.0804775526884231,0.527993461381283,26290.914,35391.615,46900,7885,11496,28177,30606,3509,272,2225,5491,0.198749779446979,0.289768860434048,0.710231139565952,0.771456658180627,0.0884480629143246,0.00685604819398583,0.0560834824691856,0.138406472916089
"143","Social Science","International Relations",836,91451,15234,13655,55116,0.00392708540662496,0.166581010595838,0.149314933680332,0.602683404227401,77599,13852,5778,71821,45571,57803,14018,7014,35546,0.785349531443068,0.848530907261812,0.151469092738188,0.0744597224191033,0.925540277580897,0.634508012976706,0.804820317177427,0.195179682822573,0.0976594589326242,0.494924882694477,32358.048,45000,60671.34,12128,34525,56926,63842,5301,303,11945,11015,0.132617467277558,0.377524576002449,0.622475423997551,0.698100622191119,0.057965467846169,0.00331324971842845,0.130616395665438,0.120447015341549
"144","Social Science","Miscellaneous Social Sciences",112,12323,2729,2061,6482,0.000529173803084049,0.221455814330926,0.167248235007709,0.526008277205226,11134,1189,569,10565,6951,8430,2135,669,4625,0.857339933457762,0.903513754767508,0.0964862452324921,0.0511047242680079,0.948895275731992,0.657927117841931,0.797917652626597,0.202082347373403,0.0633222905821107,0.437766209181259,35000,43481.127,55615.395,705,4503,7820,9162,1100,280,1208,1915,0.0572100949444129,0.365414266006654,0.634585733993346,0.743487787064838,0.0892639779274527,0.0227217398360789,0.0980280775785117,0.155400470664611
"145","Social Science","Political Science And Government",4892,532618,114251,73930,297767,0.0228716621480987,0.214508334303384,0.138804922101769,0.559062968206106,454045,78573,26101,427944,280280,343875,84069,34768,223104,0.803472657702143,0.852477760796668,0.147522239203331,0.0574854915261703,0.94251450847383,0.654945506888752,0.8035513992485,0.1964486007515,0.0812442749518629,0.521339240648309,32358.048,45000,60671.34,68274,282918,249700,404849,53798,1771,36704,67455,0.128185679042015,0.53118370013781,0.46881629986219,0.760111374380888,0.101006725270269,0.00332508476994769,0.0689124287951215,0.126647991618759
"146","Social Science","Sociology",2875,323966,56856,25258,207807,0.0139117358021526,0.175499898137459,0.0779649716328257,0.641446941963046,286308,37658,17138,269170,168453,204681,64489,25550,144115,0.830858793824043,0.883759406851336,0.116240593148664,0.0598586138005225,0.940141386199478,0.625823828807074,0.760415350893487,0.239584649106513,0.0949214251216703,0.535405134301742,28000,36402.804,50559.45,54207,91121,232845,210996,48690,2216,27214,55016,0.167323114153954,0.281267170011668,0.718732829988332,0.651290567528691,0.150293549323077,0.00684022397412074,0.0840026422525821,0.169820289783496
